Paziente,original_glszm_SmallAreaEmphasis,wavelet-LL_glszm_SmallAreaEmphasis,wavelet-LH_glszm_SmallAreaEmphasis,wavelet-HL_glszm_SmallAreaEmphasis
5,0.8040688697601583,0.8657609323018702,0.6421121501464132,0.5679223363531184
12,0.7744406512000844,0.8490097069858975,0.5557274154966373,0.6365999248488277
15,0.7043250301394957,0.7414014492649382,0.5646201695051246,0.440332334885134
16,0.7708194619804735,0.8298346612476198,0.6664420978318886,0.5359702333553512
17,0.8338865250583078,0.8950742240215925,0.6421154835135768,0.674957906264686
19,0.8143832194682535,0.9122168284789643,0.7979534724744475,0.7699026843759434
22,0.7327920905311986,0.834453408438186,0.6428127403109496,0.5494302551105357
23,0.6546329923733696,0.7460362308752246,0.4832591657196018,0.4162863493339346
24,0.769833292469115,0.8524314897857499,0.4327482685355456,0.3486904282813957
25,0.7760126087954645,0.8650925925925925,0.6619818835854634,0.723497785945654
26,0.7564887063700325,0.8947301587301588,0.7086169355953763,0.525992951907131
27,0.7753841713820752,0.870515532685344,0.498522926145832,0.5839595558453344
29,0.7870983818226317,0.865603716561617,0.5474922810334777,0.696795392774731
30,0.7147289972899729,0.8711685823754789,0.6312701189545614,0.5690187879100216
31,0.8174795751633988,0.9237139107611548,0.7150157264603867,0.8238675471840997
33,0.7232766505974474,0.8319868033173393,0.5871164512150575,0.6056723470316893
35,0.7656101093571331,0.8621265967316064,0.6779938106899565,0.5810817809530365
36,0.7365130362614732,0.857545045045045,0.6976961639148955,0.6167472774615587
38,0.5095076979518189,0.7167051017229862,0.2762885125993345,0.3597442701687895
39,0.6879566014139862,0.810877097800926,0.3991130507322682,0.4687781745948658
40,0.7813650516048343,0.8762241006375227,0.6458180889092215,0.6577035106522111
41,0.658672288580147,0.7877444090932252,0.4445148335188425,0.5393556264198887
42,0.6978153246992128,0.8181139245821786,0.314380123741368,0.2662163572841596
43,0.5998108578664134,0.7585275319567355,0.3686106818446819,0.3869195014675909
44,0.8801157434551558,0.8935514387890885,0.7158993047613672,0.7730883264186125
46,0.6421394312816772,0.7033563881549506,0.4626103531764093,0.6152163607805267
47,0.6811185054995128,0.7757634301168703,0.5163736353849568,0.5143334243192221
48,0.7688213425900321,0.8181488830099942,0.5469937977624407,0.5532585968150371
50,0.7209040032679739,0.8514424514200299,0.6867491823203905,0.6402125712009417
52,0.6265475387934298,0.747382227291022,0.473521364480118,0.4471836381195836
53,0.8371938818683665,0.8531249675442696,0.7219005291681594,0.7197613365633281
54,0.6092051190362601,0.8068794163492135,0.3986481720022883,0.411019474560824
56,0.7723496767333683,0.8696611205113742,0.6665654981855719,0.6607740122197799
57,0.7279659629458199,0.8165445158538456,0.6364316628716641,0.697716316734439
58,0.82164843952436,0.8726740294511378,0.6663697399126769,0.7146964954100358
59,0.6115538385282169,0.7681436501139712,0.5477188589870762,0.5556218010735784
60,0.6347716720993163,0.7084241539466126,0.2667577213566317,0.3916235319161064
61,0.7972316903874977,0.8296592673244495,0.7351394555879547,0.7214697553000974
62,0.7621483364953324,0.848718015147428,0.6767352797398613,0.6559403144812753
64,0.6906652336421293,0.7412145533969673,0.4296449334462229,0.5380385882795841
65,0.6889673913043478,0.8314804560658932,0.531258932024017,0.4856883838530663
68,0.78550524662117,0.9066993464052288,0.7942583956013414,0.7783129658187031
69,0.6995945090539887,0.7717763379634343,0.3707870120996301,0.4583264252845297
70,0.691609477124183,0.8012270827396218,0.4899630388221467,0.6146699750929722
71,0.71110214773034,0.8100429177307795,0.561235944873435,0.6331302833418753
74,0.7468799865625262,0.8626956609894567,0.5500243706207087,0.5368817144251411
75,0.654121096911671,0.7598005654141999,0.4457017642360216,0.5258746582724823
76,0.7427832965594153,0.8173383424408014,0.3801214062951584,0.3996106127956757
78,0.7061901425310698,0.8487779329608939,0.5435017520866213,0.4730886173982942
79,0.7673837518626698,0.846679627305196,0.6055592674085815,0.5938408323937298
81,0.7784822141944026,0.8977946796002353,0.6986449892025819,0.5992560556637433
82,0.6304596223204282,0.7905100714749836,0.3227403257025066,0.3495846142492376
84,0.6151335553136413,0.7397541836242472,0.576536275363052,0.5475011731047427
85,0.7188680865066334,0.8514721844293273,0.6725608257861811,0.6967577438132827
86,0.6208470998859215,0.7244590502867814,0.3736386720075924,0.3138769960035162
87,0.7051289892610745,0.7703296557911226,0.4330012362657294,0.5548615304844917
88,0.8422497046300491,0.9128942864665616,0.7707841240111931,0.7118234103774872
89,0.767971135513676,0.8546362649294246,0.5324246995862538,0.6378243584561712
90,0.706154736148328,0.8159091035240583,0.5460865357747106,0.5204250569687467
91,0.8300003452053717,0.8965284653465346,0.5819569877641975,0.7324326926638299
92,0.7800510110934097,0.86840091706104,0.6148656793529638,0.6155624020067704
94,0.7063016939692216,0.8050384894168511,0.4810053470110604,0.5259319201125593
95,0.7068339931550885,0.7704032684452868,0.5203346388069301,0.4593901042285793
96,0.6473753805651484,0.7354716783343372,0.4828717504970568,0.5550493763780542
98,0.6649692826073684,0.7383752600250121,0.3431109465597028,0.3780416285930453
100,0.8439434060228452,0.912285272887781,0.7764863613885269,0.7167883486728025
101,0.7643828540556782,0.8415976148992389,0.6762989686571312,0.6748484808994527
102,0.8144546737857895,0.8870024289366184,0.6536466602743175,0.631077389152224
103,0.7034165778218929,0.7954807098765432,0.4679450045598828,0.4411551159741513
104,0.7808765024682286,0.8844560695056289,0.5955350215115447,0.6226681671791003
105,0.8302199713513897,0.8912743990176357,0.7722035282511894,0.6850841242480766
106,0.5475743927535321,0.7702745082529135,0.1546130814474683,0.1455967447004125
107,0.8370796158825686,0.9062243453644728,0.7289911454779328,0.5984262848883759
108,0.7447070373664652,0.8433605056412075,0.6056399997026379,0.6293669832321882
109,0.8601437913512038,0.901863929146538,0.6802650667387583,0.6965022517975719
110,0.7652106592238171,0.8752616902616902,0.6170377655712954,0.5153579439021986
111,0.7065571180402009,0.7357486637512147,0.5826801935986062,0.4745330654357089
112,0.7449284810542575,0.8404844576719577,0.4197691186046947,0.3032903332894685
113,0.7540995370370371,0.8654802867383514,0.5827399410997509,0.6746067722602385
114,0.7592560664112388,0.8635078053259871,0.4412283487579335,0.4102684102096122
115,0.6891681059011483,0.8013146698628502,0.624457385564722,0.5897382342935606
116,0.7198212826797385,0.8765906432748537,0.6984384323150896,0.698336525153324
117,0.7591034184991826,0.9060066574839302,0.6148690527293582,0.5920294731486305
118,0.8680529740500319,0.9327083333333334,0.7115106404403866,0.7282423253455297
119,0.5864499285568241,0.7202850754008384,0.3244580001775999,0.3407019779348532
120,0.7507812542614815,0.8513751871121862,0.6883044976705934,0.7051466388496993
123,0.6218885473023015,0.7841455890044109,0.4164891102846676,0.2319520876167254
124,0.7134871978683562,0.8311051617142374,0.4862722111963972,0.5591407355588754
126,0.7726390641611385,0.8900015031265032,0.6524151592401667,0.7108127721718195
127,0.7969326852362567,0.9239122252333634,0.6721880582298619,0.6630347385816465
128,0.7601526736527872,0.8477840063959542,0.7126553797823815,0.7167985416317237
129,0.8497123368920522,0.911080917874396,0.5827696458530534,0.6369331429160351
133,0.7356855020801716,0.8591126384756503,0.6872217311623406,0.6474320883793814
135,0.7027240998824964,0.8176600669818754,0.6390502231262876,0.6066108058270986
136,0.6389805981292411,0.7788437855766449,0.4743329645694863,0.5751216499205919
137,0.7103457160206532,0.8062597387305731,0.53481506908617,0.5926898335824202
138,0.7160054107885322,0.8816894353369763,0.2978623546192671,0.5630164059576134
139,0.6783916285760323,0.7262013323041225,0.5657115057909897,0.5493251356203827
141,0.786606424792139,0.9001876876876878,0.5812137201769723,0.6179765850915113
142,0.7859418085225562,0.8869897140945491,0.6651133303397047,0.583592048488497
144,0.6297504268207199,0.7784596326651229,0.386840583482634,0.4168465963371685
146,0.7628183291795961,0.8663532649414543,0.6808583221650905,0.7169177178079065
147,0.758008723138676,0.8208151779230209,0.5339611747163832,0.6271340963800981
149,0.5947045801458161,0.6775815165833637,0.3523207574431118,0.197602899834385
150,0.7964692951281629,0.8667924265465365,0.5914066209250528,0.6217407347184231
153,0.8055781072773703,0.8875047404019079,0.737111718210483,0.6694097681655985
155,0.786736849024709,0.8564494215765402,0.5813972068699085,0.6257121259311803
158,0.7581756379800597,0.8479540598290598,0.63710718864992,0.6572907790794617
159,0.6723105369697729,0.8022316633686349,0.4750609531110508,0.3720818232295659
161,0.6781130483724702,0.7814851721938775,0.3884697066905776,0.5107333369813969
163,0.8330858876117495,0.9178462532299744,0.6887279588452296,0.6699125158997528
166,0.7825027960998164,0.8455979473449352,0.6914618874813725,0.572471315210799
168,0.7291230741761046,0.843127240143369,0.539654309559791,0.6389256476776247
169,0.6365345349053507,0.78185,0.2916758488658112,0.3122748354409513
170,0.8349998603651916,0.886027105734767,0.7124945828382958,0.6656520527875261
171,0.7312124736799481,0.852591332829428,0.4696903297658484,0.2554577413815906
175,0.8067526089625536,0.91747997997998,0.7406605000549593,0.6585837831778965
176,0.7789336232211947,0.8016075720162225,0.6383279766465106,0.6425758201094928
178,0.6956938543974619,0.8340945975005059,0.4754387568768557,0.4911082977114279
182,0.8292976537553797,0.888244052061786,0.6101789964482449,0.672499221224376
183,0.7940439106198035,0.8853936718175127,0.6744650265222795,0.6877073530421874
188,0.6769333394098762,0.8345747776293057,0.733235318737978,0.5186072642632198
189,0.7476053376755207,0.8059515352640302,0.4054879521724546,0.6144043504153025
190,0.6359135658064087,0.8253235514063781,0.4084622556809146,0.4063986888423426
193,0.761738527648856,0.8535723672828417,0.7467681340742035,0.6931088054061539
197,0.6733126663357607,0.7301765398795942,0.3102949210107889,0.5302524320437672
199,0.53298919845802,0.666395050413294,0.3044543647075342,0.1656392683144577
200,0.8059393531392599,0.8644938271604939,0.648127396172781,0.7137582872248012
205,0.7809952236018464,0.8823584114451264,0.5456768627743833,0.5808358380922307
